name,link,img,img.css,img_new,img_newer
A Day in Hollywood   A Night in the Ukraine,http://www.allmusicals.com/a/adayinhollywoodanightintheukraine.htm,A Day in Hollywood A Night in the Ukraine.jpg,fixed-width,A_Day_in_Hollywood___A_Night_in_the_Ukraine.jpg,A_Day_in_Hollywood___A_Night_in_the_Ukraine.jpg
A Spoof Odyssey,http://www.allmusicals.com/a/aspoofodyssey.htm,A Spoof Odyssey.jpg,fixed-width,A_Spoof_Odyssey.jpg,A_Spoof_Odyssey.jpg
Ace,http://www.allmusicals.com/a/ace.htm,Ace.jpg,fixed-width,Ace.jpg,Ace.jpg
Across the Universe,http://www.allmusicals.com/a/acrosstheuniverse.htm,Across the Universe.jpg,fixed-width,Across_the_Universe.jpg,Across_the_Universe.jpg
Act,http://www.allmusicals.com/a/actthe.htm,Act.jpg,fixed-width,Act.jpg,Act.jpg
Addams Family,http://www.allmusicals.com/a/addamsfamilythe.htm,Addams Family.jpg,fixed-width,Addams_Family.jpg,Addams_Family.jpg
Adding Machine,http://www.allmusicals.com/a/addingmachine.htm,Adding Machine.jpg,fixed-width,Adding_Machine.jpg,Adding_Machine.jpg
Adrift In Macao,http://www.allmusicals.com/a/adriftinmacao.htm,Adrift In Macao.jpg,fixed-width,Adrift_In_Macao.jpg,Adrift_In_Macao.jpg
Adventures of Tom Sawyer,http://www.allmusicals.com/a/adventuresoftomsawyerthe.htm,Adventures of Tom Sawyer.jpg,fixed-width,Adventures_of_Tom_Sawyer.jpg,Adventures_of_Tom_Sawyer.jpg
Aida,http://www.allmusicals.com/a/aida.htm,Aida.jpg,fixed-width,Aida.jpg,Aida.jpg
Ain't Misbehavin',http://www.allmusicals.com/a/aintmisbehavin.htm,Ain't Misbehavin'.jpg,fixed-width,Ain't_Misbehavin'.jpg,Aint_Misbehavin.jpg
Aladdin,http://www.allmusicals.com/a/aladdin.htm,Aladdin.jpg,fixed-width,Aladdin.jpg,Aladdin.jpg
Alas! Alack! Zorro's Back!,http://www.allmusicals.com/a/alasalackzorrosback.htm,Alas! Alack! Zorro's Back!.jpg,fixed-width,Alas!_Alack!_Zorro's_Back!.jpg,Alas!_Alack!_Zorro's_Back!.jpg
All Shook Up,http://www.allmusicals.com/a/allshookup.htm,All Shook Up.jpg,fixed-width,All_Shook_Up.jpg,All_Shook_Up.jpg
Allegro,http://www.allmusicals.com/a/allegro.htm,Allegro.jpg,fixed-width,Allegro.jpg,Allegro.jpg
Altar Boyz,http://www.allmusicals.com/a/altarboyz.htm,Altar Boyz.jpg,fixed-width,Altar_Boyz.jpg,Altar_Boyz.jpg
American Idiot,http://www.allmusicals.com/a/americanidiot.htm,American Idiot.jpg,fixed-width,American_Idiot.jpg,American_Idiot.jpg
American in Paris,http://www.allmusicals.com/a/americanmall.htm,"American in Paris, An.jpg",fixed-width,"American_in_Paris,_An.jpg","American_in_Paris,_An.jpg"
American Mall,http://www.allmusicals.com/a/americaninparisan.htm,American Mall.jpg,fixed-width,American_Mall.jpg,American_Mall.jpg
Andrew Lloyd Webber Divas,http://www.allmusicals.com/a/andrewlloydwebberdivas.htm,Andrew Lloyd Webber Divas.jpg,fixed-width,Andrew_Lloyd_Webber_Divas.jpg,Andrew_Lloyd_Webber_Divas.jpg
Anna Karenina,http://www.allmusicals.com/a/annakarenina.htm,Anna Karenina.jpg,fixed-width,Anna_Karenina.jpg,Anna_Karenina.jpg
Annie Get Your Gun,http://www.allmusicals.com/a/annie.htm,Annie Get Your Gun.jpg,fixed-width,Annie.jpg,Annie.jpg
Annie,http://www.allmusicals.com/a/anniegetyourgun.htm,Annie.jpg,fixed-width,Annie_Get_Your_Gun.jpg,Annie_Get_Your_Gun.jpg
Anyone Can Whistle,http://www.allmusicals.com/a/anyonecanwhistle.htm,Anyone Can Whistle.jpg,fixed-width,Anyone_Can_Whistle.jpg,Anyone_Can_Whistle.jpg
Anything Goes,http://www.allmusicals.com/a/anythinggoes.htm,Anything Goes.jpg,fixed-width,Anything_Goes.jpg,Anything_Goes.jpg
Applause,http://www.allmusicals.com/a/applause.htm,Applause.jpg,fixed-width,Applause.jpg,Applause.jpg
Apple Tree,http://www.allmusicals.com/a/appletreethe.htm,Apple Tree.jpg,fixed-width,Apple_Tree.jpg,Apple_Tree.jpg
Ark,http://www.allmusicals.com/a/arkthe.htm,Ark.jpg,fixed-width,Ark.jpg,Ark.jpg
As Thousands Cheer,http://www.allmusicals.com/a/asthousandscheer.htm,As Thousands Cheer.jpg,fixed-width,As_Thousands_Cheer.jpg,As_Thousands_Cheer.jpg
Aspects of Love,http://www.allmusicals.com/a/aspectsoflove.htm,Aspects of Love.jpg,fixed-width,Aspects_of_Love.jpg,Aspects_of_Love.jpg
Assassins,http://www.allmusicals.com/a/assassins.htm,Assassins.jpg,fixed-width,Assassins.jpg,Assassins.jpg
Avenue Q,http://www.allmusicals.com/a/avenueq.htm,Avenue Q.jpg,fixed-width,Avenue_Q.jpg,Avenue_Q.jpg
Babes In Arms,http://www.allmusicals.com/b/babesinarms.htm,Babes In Arms.jpg,fixed-width,Babes_In_Arms.jpg,Babes_In_Arms.jpg
Baby,http://www.allmusicals.com/b/baby.htm,Baby.jpg,fixed-width,Baby.jpg,Baby.jpg
Bad Girls,http://www.allmusicals.com/b/badgirls.htm,Bad Girls.jpg,fixed-width,Bad_Girls.jpg,Bad_Girls.jpg
Bajour,http://www.allmusicals.com/b/bajour.htm,Bajour.jpg,fixed-width,Bajour.jpg,Bajour.jpg
Baker's Wife,http://www.allmusicals.com/b/bakerswifethe.htm,Baker's Wife.jpg,fixed-width,Baker's_Wife.jpg,Bakers_Wife.jpg
Bare_ A Pop Opera,http://www.allmusicals.com/b/bareapopopera.htm,Bare A Pop Opera.jpg,fixed-width,Bare__A_Pop_Opera.jpg,Bare__A_Pop_Opera.jpg
Bark! The Musical,http://www.allmusicals.com/b/barkthemusical.htm,Bark! The Musical.jpg,fixed-width,Bark!_The_Musical.jpg,Bark!_The_Musical.jpg
Barnum,http://www.allmusicals.com/b/barnum.htm,Barnum.jpg,fixed-width,Barnum.jpg,Barnum.jpg
Bat Boy,http://www.allmusicals.com/b/batboy.htm,Bat Boy.jpg,fixed-width,Bat_Boy.jpg,Bat_Boy.jpg
Beautiful Game,http://www.allmusicals.com/b/beautifulgamethe.htm,Beautiful Game.jpg,fixed-width,Beautiful__The_Carole_King.jpg,Beautiful__The_Carole_King.jpg
Beautiful_ The Carole King,http://www.allmusicals.com/b/beautifulthecaroleking.htm,Beautiful The Carole King.jpg,fixed-width,Beautiful_Game.jpg,Beautiful_Game.jpg
Bells Are Ringing,http://www.allmusicals.com/b/bellsareringing.htm,Bells Are Ringing.jpg,fixed-width,Bells_Are_Ringing.jpg,Bells_Are_Ringing.jpg
Ben Franklin in Paris,http://www.allmusicals.com/b/benfranklininparis.htm,Ben Franklin in Paris.jpg,fixed-width,Ben_Franklin_in_Paris.jpg,Ben_Franklin_in_Paris.jpg
Bernarda Alba,http://www.allmusicals.com/b/bernardaalba.htm,Bernarda Alba.jpg,fixed-width,Bernarda_Alba.jpg,Bernarda_Alba.jpg
Best Foot Forward,http://www.allmusicals.com/b/bestfootforward.htm,Best Foot Forward.jpg,fixed-width,Best_Foot_Forward.jpg,Best_Foot_Forward.jpg
Best Little Whorehouse in Texas,http://www.allmusicals.com/b/bestlittlewhorehouseintexasthe.htm,Best Little Whorehouse in Texas.jpg,fixed-width,Best_Little_Whorehouse_in_Texas.jpg,Best_Little_Whorehouse_in_Texas.jpg
Best of Broadway,http://www.allmusicals.com/b/bestofbroadwaythe.htm,Best of Broadway.jpg,fixed-width,Best_of_Broadway.jpg,Best_of_Broadway.jpg
Big Fish,http://www.allmusicals.com/b/big.htm,Big Fish.jpg,fixed-width,Big.jpg,Big.jpg
Big River,http://www.allmusicals.com/b/bigfish.htm,Big River.jpg,fixed-width,Big_Fish.jpg,Big_Fish.jpg
Big,http://www.allmusicals.com/b/bigriver.htm,Big.jpg,fixed-width,Big_River.jpg,Big_River.jpg
Billy Elliot,http://www.allmusicals.com/b/billyelliot.htm,Billy Elliot.jpg,fixed-width,Billy_Elliot.jpg,Billy_Elliot.jpg
Blood Brothers,http://www.allmusicals.com/b/bloodbrothers.htm,Blood Brothers.jpg,fixed-width,Blood_Brothers.jpg,Blood_Brothers.jpg
Bombay Dreams,http://www.allmusicals.com/b/bombaydreams.htm,Bombay Dreams.jpg,fixed-width,Bombay_Dreams.jpg,Bombay_Dreams.jpg
Book of Mormon,http://www.allmusicals.com/b/bookofmormonthe.htm,"Book of Mormon, The .jpg",fixed-width,"Book_of_Mormon,_The_.jpg","Book_of_Mormon,_The_.jpg"
Bounce,http://www.allmusicals.com/b/bounce.htm,Bounce.jpg,fixed-width,Bounce.jpg,Bounce.jpg
Boy Friend,http://www.allmusicals.com/b/boyfriendthe.htm,Boy Friend.jpg,fixed-width,Boy_Friend.jpg,Boy_Friend.jpg
Boy From Oz,http://www.allmusicals.com/b/boyfromozthe.htm,Boy From Oz.jpg,fixed-width,Boy_From_Oz.jpg,Boy_From_Oz.jpg
Boys From Syracuse,http://www.allmusicals.com/b/boysfromsyracusethe.htm,Boys From Syracuse.jpg,fixed-width,Boys_From_Syracuse.jpg,Boys_From_Syracuse.jpg
Bridges of Madison County,http://www.allmusicals.com/b/bridgesofmadisoncountythe.htm,Bridges of Madison County.jpg,fixed-width,Bridges_of_Madison_County.jpg,Bridges_of_Madison_County.jpg
Brigadoon,http://www.allmusicals.com/b/brigadoon.htm,Brigadoon.jpg,fixed-width,Brigadoon.jpg,Brigadoon.jpg
"Bright Lights, Big City",http://www.allmusicals.com/b/brightlightsbigcity.htm,"Bright Lights, Big City.jpg",fixed-width,"Bright_Lights,_Big_City.jpg","Bright_Lights,_Big_City.jpg"
"Bring In 'Da Noise, Bring In 'Da Funk",http://www.allmusicals.com/b/bringindanoisebringindafunk.htm,"Bring In 'Da Noise, Bring In 'Da Funk.jpg",fixed-width,"Bring_In_'Da_Noise,_Bring_In_'Da_Funk.jpg","Bring_In_Da_Noise,_Bring_In_Da_Funk.jpg"
Bring It On,http://www.allmusicals.com/b/bringiton.htm,Bring It On.jpg,fixed-width,Bring_It_On.jpg,Bring_It_On.jpg
Brooklyn,http://www.allmusicals.com/b/brooklyn.htm,Brooklyn.jpg,fixed-width,Brooklyn.jpg,Brooklyn.jpg
Bullets Over Broadway,http://www.allmusicals.com/b/bulletsoverbroadway.htm,Bullets Over Broadway.jpg,fixed-width,Bullets_Over_Broadway.jpg,Bullets_Over_Broadway.jpg
Burn The Floor,http://www.allmusicals.com/b/burnthefloor.htm,Burn The Floor.jpg,fixed-width,Burn_The_Floor.jpg,Burn_The_Floor.jpg
Busker Alley,http://www.allmusicals.com/b/buskeralley.htm,Busker Alley.jpg,fixed-width,Busker_Alley.jpg,Busker_Alley.jpg
By Jeeves,http://www.allmusicals.com/b/byjeeves.htm,By Jeeves.jpg,fixed-width,By_Jeeves.jpg,By_Jeeves.jpg
Bye Bye Birdie,http://www.allmusicals.com/b/byebyebirdie.htm,Bye Bye Birdie.jpg,fixed-width,Bye_Bye_Birdie.jpg,Bye_Bye_Birdie.jpg
Cabaret,http://www.allmusicals.com/c/cabaret.htm,Cabaret.jpg,fixed-width,Cabaret.jpg,Cabaret.jpg
Calamity Jane,http://www.allmusicals.com/c/calamityjane.htm,Calamity Jane.jpg,fixed-width,Calamity_Jane.jpg,Calamity_Jane.jpg
Call Me Madam,http://www.allmusicals.com/c/callmemadam.htm,Call Me Madam.jpg,fixed-width,Call_Me_Madam.jpg,Call_Me_Madam.jpg
Camelot,http://www.allmusicals.com/c/camelot.htm,Camelot.jpg,fixed-width,Camelot.jpg,Camelot.jpg
Can-Can,http://www.allmusicals.com/c/cancan.htm,Can-Can.jpg,fixed-width,Can-Can.jpg,Can-Can.jpg
Candide,http://www.allmusicals.com/c/candide.htm,Candide.jpg,fixed-width,Candide.jpg,Candide.jpg
Cannibal,http://www.allmusicals.com/c/cannibal.htm,Cannibal.jpg,fixed-width,Cannibal.jpg,Cannibal.jpg
Carnival,http://www.allmusicals.com/c/carnival.htm,Carnival.jpg,fixed-width,Carnival.jpg,Carnival.jpg
"Caroline, or Change",http://www.allmusicals.com/c/carolineorchange.htm,"Caroline, or Change.jpg",fixed-width,"Caroline,_or_Change.jpg","Caroline,_or_Change.jpg"
Carousel,http://www.allmusicals.com/c/carousel.htm,Carousel.jpg,fixed-width,Carousel.jpg,Carousel.jpg
Catch Me If You Can,http://www.allmusicals.com/c/catchmeifyoucan.htm,Catch Me If You Can.jpg,fixed-width,Catch_Me_If_You_Can.jpg,Catch_Me_If_You_Can.jpg
Catered Affair,http://www.allmusicals.com/c/cateredaffaira.htm,"Catered Affair, A.jpg",fixed-width,"Catered_Affair,_A.jpg","Catered_Affair,_A.jpg"
Cats,http://www.allmusicals.com/c/cats.htm,Cats.jpg,fixed-width,Cats.jpg,Cats.jpg
Chaplin,http://www.allmusicals.com/c/chaplin.htm,Chaplin.jpg,fixed-width,Chaplin.jpg,Chaplin.jpg
Charlie and Algernon,http://www.allmusicals.com/c/charlieandalgernon.htm,Charlie and Algernon.jpg,fixed-width,Charlie_and_Algernon.jpg,Charlie_and_Algernon.jpg
Charlie and the Chocolate Factory,http://www.allmusicals.com/c/charlieandthechocolatefactory.htm,Charlie and the Chocolate Factory.jpg,fixed-width,Charlie_and_the_Chocolate_Factory.jpg,Charlie_and_the_Chocolate_Factory.jpg
Chess in Concert [LIVE],http://www.allmusicals.com/c/chess.htm,Chess in Concert [LIVE].jpg,fixed-width,Chess.jpg,Chess.jpg
Chess,http://www.allmusicals.com/c/chessinconcertlive.htm,Chess.jpg,fixed-width,Chess_in_Concert_[LIVE].jpg,Chess_in_Concert_[LIVE].jpg
Chicago,http://www.allmusicals.com/c/chicago.htm,Chicago.jpg,fixed-width,Chicago.jpg,Chicago.jpg
Children's Letters to God,http://www.allmusicals.com/c/childrenofeden.htm,Children's Letters to God.jpg,fixed-width,Children's_Letters_to_God.jpg,Children_Of_Eden.jpg
Children Of Eden,http://www.allmusicals.com/c/childrensletterstogod.htm,Children Of Eden.jpg,fixed-width,Children_Of_Eden.jpg,Childrens_Letters_to_God.jpg
Chitty Chitty Bang Bang,http://www.allmusicals.com/c/chittychittybangbang.htm,Chitty Chitty Bang Bang.jpg,fixed-width,Chitty_Chitty_Bang_Bang.jpg,Chitty_Chitty_Bang_Bang.jpg
Chorus Line,http://www.allmusicals.com/c/choruslinea.htm,"Chorus Line, A.jpg",fixed-width,"Chorus_Line,_A.jpg","Chorus_Line,_A.jpg"
Christmas Carol,http://www.allmusicals.com/c/christmascarola.htm,"Christmas Carol, A.jpg",fixed-width,"Christmas_Carol,_A.jpg","Christmas_Carol,_A.jpg"
Cinderella_ Songs from the Classic Fairy Tale,http://www.allmusicals.com/c/cinderellasongsfromtheclassicfairytale.htm,Cinderella Songs from the Classic Fairy Tale.jpg,fixed-width,Cinderella__Songs_from_the_Classic_Fairy_Tale.jpg,Cinderella__Songs_from_the_Classic_Fairy_Tale.jpg
City Of Angels,http://www.allmusicals.com/c/cityofangels.htm,City Of Angels.jpg,fixed-width,City_Of_Angels.jpg,City_Of_Angels.jpg
Civil War The Complete Work,http://www.allmusicals.com/c/civilwarthe.htm,Civil War The Complete Work.jpg,fixed-width,Civil_War.jpg,Civil_War.jpg
Civil War,http://www.allmusicals.com/c/civilwarthecompleteworkthe.htm,Civil War.jpg,fixed-width,Civil_War__The_Complete_Work.jpg,Civil_War__The_Complete_Work.jpg
Class Act,http://www.allmusicals.com/c/classacta.htm,"Class Act, A.jpg",fixed-width,"Class_Act,_A.jpg","Class_Act,_A.jpg"
Closer Than Ever,http://www.allmusicals.com/c/closerthanever.htm,Closer Than Ever.jpg,fixed-width,Closer_Than_Ever.jpg,Closer_Than_Ever.jpg
Colma,http://www.allmusicals.com/c/colma.htm,Colma.jpg,fixed-width,Colma.jpg,Colma.jpg
Color Purple,http://www.allmusicals.com/c/colorpurplethe.htm,Color Purple.jpg,fixed-width,Color_Purple.jpg,Color_Purple.jpg
Commentary,http://www.allmusicals.com/c/commentarythemusical.htm,"Commentary, The Musical.jpg",fixed-width,"Commentary,_The_Musical.jpg","Commentary,_The_Musical.jpg"
Company,http://www.allmusicals.com/c/company.htm,Company.jpg,fixed-width,Company.jpg,Company.jpg
Connecticut Yankee,http://www.allmusicals.com/c/connecticutyankeea.htm,"Connecticut Yankee, A.jpg",fixed-width,"Connecticut_Yankee,_A.jpg","Connecticut_Yankee,_A.jpg"
Contact,http://www.allmusicals.com/c/contact.htm,Contact.jpg,fixed-width,Contact.jpg,Contact.jpg
Copacabana,http://www.allmusicals.com/c/copacabana.htm,Copacabana.jpg,fixed-width,Copacabana.jpg,Copacabana.jpg
Corpse Bride,http://www.allmusicals.com/c/corpsebride.htm,Corpse Bride.jpg,fixed-width,Corpse_Bride.jpg,Corpse_Bride.jpg
Crazy For You,http://www.allmusicals.com/c/crazyforyou.htm,Crazy For You.jpg,fixed-width,Crazy_For_You.jpg,Crazy_For_You.jpg
Cry-Baby,http://www.allmusicals.com/c/crybaby.htm,Cry-Baby.jpg,fixed-width,Cry-Baby.jpg,Cry-Baby.jpg
Curtains,http://www.allmusicals.com/c/curtains.htm,Curtains.jpg,fixed-width,Curtains.jpg,Curtains.jpg
Damn Yankees,http://www.allmusicals.com/d/damnyankees.htm,Damn Yankees.jpg,fixed-width,Damn_Yankees.jpg,Damn_Yankees.jpg
Dance of the Vampires,http://www.allmusicals.com/d/danceofthevampires.htm,Dance of the Vampires.jpg,fixed-width,Dance_of_the_Vampires.jpg,Dance_of_the_Vampires.jpg
Dear Evan Hansen,http://www.allmusicals.com/d/dearevanhansen.htm,Dear Evan Hansen.jpg,fixed-width,Dear_Evan_Hansen.jpg,Dear_Evan_Hansen.jpg
Dear World,http://www.allmusicals.com/d/dearworld.htm,Dear World.jpg,fixed-width,Dear_World.jpg,Dear_World.jpg
Dirty Rotten Scoundrels,http://www.allmusicals.com/d/dirtyrottenscoundrels.htm,Dirty Rotten Scoundrels.jpg,fixed-width,Dirty_Rotten_Scoundrels.jpg,Dirty_Rotten_Scoundrels.jpg
Disney's Beauty And The Beast,http://www.allmusicals.com/d/disneysbeautyandthebeast.htm,Disney's Beauty And The Beast.jpg,fixed-width,Disney's_Beauty_And_The_Beast.jpg,Disneys_Beauty_And_The_Beast.jpg
Disney_ 60 Years of Musical Magic,http://www.allmusicals.com/d/disney60yearsofmusicalmagic.htm,Disney 60 Years of Musical Magic.jpg,fixed-width,Disney__60_Years_of_Musical_Magic.jpg,Disney__60_Years_of_Musical_Magic.jpg
Do Black Patent Leather Shoes Really Reflect Up_,http://www.allmusicals.com/d/doblackpatentleathershoesreallyreflectup.htm,Do Black Patent Leather Shoes Really Reflect Up_.jpg,fixed-width,Do_Black_Patent_Leather_Shoes_Really_Reflect_Up_.jpg,Do_Black_Patent_Leather_Shoes_Really_Reflect_Up_.jpg
Do I Hear A Waltz_,http://www.allmusicals.com/d/doihearawaltz.htm,Do I Hear A Waltz_.jpg,fixed-width,Do_I_Hear_A_Waltz_.jpg,Do_I_Hear_A_Waltz_.jpg
Do Re Mi,http://www.allmusicals.com/d/doremi.htm,Do Re Mi.jpg,fixed-width,Do_Re_Mi.jpg,Do_Re_Mi.jpg
Dracula,http://www.allmusicals.com/d/dracula.htm,Dracula.jpg,fixed-width,Dracula.jpg,Dracula.jpg
Dreamgirls,http://www.allmusicals.com/d/dreamgirls.htm,Dreamgirls.jpg,fixed-width,Dreamgirls.jpg,Dreamgirls.jpg
Drowsy Chaperone,http://www.allmusicals.com/d/drowsychaperonethe.htm,Drowsy Chaperone.jpg,fixed-width,Drowsy_Chaperone.jpg,Drowsy_Chaperone.jpg
Edges_ A Song Cycle,http://www.allmusicals.com/e/edgesasongcycle.htm,Edges A Song Cycle.jpg,fixed-width,Edges__A_Song_Cycle.jpg,Edges__A_Song_Cycle.jpg
Elegies_ A Song Cycle,http://www.allmusicals.com/e/elegiesasongcycle.htm,Elegies A Song Cycle.jpg,fixed-width,Elegies__A_Song_Cycle.jpg,Elegies__A_Song_Cycle.jpg
Ernest in Love,http://www.allmusicals.com/e/ernestinlove.htm,Ernest in Love.jpg,fixed-width,Ernest_in_Love.jpg,Ernest_in_Love.jpg
Evil Dead,http://www.allmusicals.com/e/evildead.htm,Evil Dead.jpg,fixed-width,Evil_Dead.jpg,Evil_Dead.jpg
Evita,http://www.allmusicals.com/e/evita.htm,Evita.jpg,fixed-width,Evita.jpg,Evita.jpg
Face the Music,http://www.allmusicals.com/f/facethemusic.htm,Face the Music.jpg,fixed-width,Face_the_Music.jpg,Face_the_Music.jpg
Falsettoland,http://www.allmusicals.com/f/falsettoland.htm,Falsettoland.jpg,fixed-width,Falsettoland.jpg,Falsettoland.jpg
Falsettos,http://www.allmusicals.com/f/falsettos.htm,Falsettos.jpg,fixed-width,Falsettos.jpg,Falsettos.jpg
Fame Becomes Me,http://www.allmusicals.com/f/fame.htm,Fame Becomes Me.jpg,fixed-width,Fame.jpg,Fame.jpg
Fame,http://www.allmusicals.com/f/famebecomesme.htm,Fame.jpg,fixed-width,Fame_Becomes_Me.jpg,Fame_Becomes_Me.jpg
Fanny,http://www.allmusicals.com/f/fanny.htm,Fanny.jpg,fixed-width,Fanny.jpg,Fanny.jpg
Fantasticks,http://www.allmusicals.com/f/fantasticksthe.htm,Fantasticks.jpg,fixed-width,Fantasticks.jpg,Fantasticks.jpg
Fiddler on the Roof,http://www.allmusicals.com/f/fiddlerontheroof.htm,Fiddler on the Roof.jpg,fixed-width,Fiddler_on_the_Roof.jpg,Fiddler_on_the_Roof.jpg
Finding Neverland,http://www.allmusicals.com/f/findingneverland.htm,Finding Neverland.jpg,fixed-width,Finding_Neverland.jpg,Finding_Neverland.jpg
Finian's Rainbow,http://www.allmusicals.com/f/finiansrainbow.htm,Finian's Rainbow.jpg,fixed-width,Finian's_Rainbow.jpg,Finians_Rainbow.jpg
Fiorello,http://www.allmusicals.com/f/fiorello.htm,Fiorello.jpg,fixed-width,Fiorello.jpg,Fiorello.jpg
First Date,http://www.allmusicals.com/f/firstdate.htm,First Date.jpg,fixed-width,First_Date.jpg,First_Date.jpg
Five Course Love,http://www.allmusicals.com/f/fivecourselove.htm,Five Course Love.jpg,fixed-width,Five_Course_Love.jpg,Five_Course_Love.jpg
Five Guys Named Moe,http://www.allmusicals.com/f/fiveguysnamedmoe.htm,Five Guys Named Moe.jpg,fixed-width,Five_Guys_Named_Moe.jpg,Five_Guys_Named_Moe.jpg
Flora The Red Menace,http://www.allmusicals.com/f/floratheredmenace.htm,Flora The Red Menace.jpg,fixed-width,Flora_The_Red_Menace.jpg,Flora_The_Red_Menace.jpg
Flower Drum Song,http://www.allmusicals.com/f/flowerdrumsong.htm,Flower Drum Song.jpg,fixed-width,Flower_Drum_Song.jpg,Flower_Drum_Song.jpg
Floyd Collins,http://www.allmusicals.com/f/floydcollins.htm,Floyd Collins.jpg,fixed-width,Floyd_Collins.jpg,Floyd_Collins.jpg
Follies,http://www.allmusicals.com/f/follies.htm,Follies.jpg,fixed-width,Follies.jpg,Follies.jpg
Footloose,http://www.allmusicals.com/f/footloose.htm,Footloose.jpg,fixed-width,Footloose.jpg,Footloose.jpg
Forbidden Broadway Goes to Rehab,http://www.allmusicals.com/f/forbiddenbroadwaygoestorehab.htm,Forbidden Broadway Goes to Rehab.jpg,fixed-width,"Forbidden_Broadway,_Vols._1-4.jpg","Forbidden_Broadway,_Vols._1-4.jpg"
"Forbidden Broadway, Vols. 1-4",http://www.allmusicals.com/f/forbiddenbroadwayvols14.htm,"Forbidden Broadway, Vols. 1-4.jpg",fixed-width,Forbidden_Broadway_Goes_to_Rehab.jpg,Forbidden_Broadway_Goes_to_Rehab.jpg
Forever Plaid,http://www.allmusicals.com/f/foreverplaid.htm,Forever Plaid.jpg,fixed-width,Forever_Plaid.jpg,Forever_Plaid.jpg
Fosse,http://www.allmusicals.com/f/fosse.htm,Fosse.jpg,fixed-width,Fosse.jpg,Fosse.jpg
Frankenstein_ A New Musical,http://www.allmusicals.com/f/frankensteinanewmusical.htm,Frankenstein A New Musical.jpg,fixed-width,Frankenstein__A_New_Musical.jpg,Frankenstein__A_New_Musical.jpg
Frogs,http://www.allmusicals.com/f/frogsthe.htm,Frogs.jpg,fixed-width,Frogs.jpg,Frogs.jpg
Full Monty,http://www.allmusicals.com/f/fullmontythe.htm,Full Monty.jpg,fixed-width,Full_Monty.jpg,Full_Monty.jpg
Fun Home,http://www.allmusicals.com/f/funhome.htm,Fun Home.jpg,fixed-width,Fun_Home.jpg,Fun_Home.jpg
Funny Girl,http://www.allmusicals.com/f/funnygirl.htm,Funny Girl.jpg,fixed-width,Funny_Girl.jpg,Funny_Girl.jpg
Funny Thing Happened On The Way To The Forum,http://www.allmusicals.com/f/funnythinghappenedonthewaytotheforuma.htm,"Funny Thing Happened On The Way To The Forum, A.jpg",fixed-width,"Funny_Thing_Happened_On_The_Way_To_The_Forum,_A.jpg","Funny_Thing_Happened_On_The_Way_To_The_Forum,_A.jpg"
Gay Divorce,http://www.allmusicals.com/g/gaydivorcethe.htm,Gay Divorce.jpg,fixed-width,Gay_Divorce.jpg,Gay_Divorce.jpg
Gentleman's Guide to Love and Murder,http://www.allmusicals.com/g/gentlemansguidetoloveandmurdera.htm,"Gentleman's Guide to Love and Murder, A.jpg",fixed-width,"Gentleman's_Guide_to_Love_and_Murder,_A.jpg","Gentlemans_Guide_to_Love_and_Murder,_A.jpg"
Gentlemen Prefer Blondes,http://www.allmusicals.com/g/gentlemenpreferblondes.htm,Gentlemen Prefer Blondes.jpg,fixed-width,Gentlemen_Prefer_Blondes.jpg,Gentlemen_Prefer_Blondes.jpg
George M!,http://www.allmusicals.com/g/georgem.htm,George M!.jpg,fixed-width,George_M!.jpg,George_M!.jpg
Ghost the Musical,http://www.allmusicals.com/g/ghostthemusical.htm,Ghost the Musical.jpg,fixed-width,Ghost_the_Musical.jpg,Ghost_the_Musical.jpg
Gigi,http://www.allmusicals.com/g/gigi.htm,Gigi.jpg,fixed-width,Gigi.jpg,Gigi.jpg
Glorious Ones,http://www.allmusicals.com/g/gloriousonesthe.htm,Glorious Ones.jpg,fixed-width,Glorious_Ones.jpg,Glorious_Ones.jpg
Glory Days,http://www.allmusicals.com/g/glorydays.htm,Glory Days.jpg,fixed-width,Glory_Days.jpg,Glory_Days.jpg
Godspell,http://www.allmusicals.com/g/godspell.htm,Godspell.jpg,fixed-width,Godspell.jpg,Godspell.jpg
Golden Boy,http://www.allmusicals.com/g/goldenboy.htm,Golden Boy.jpg,fixed-width,Golden_Boy.jpg,Golden_Boy.jpg
Gone Missing,http://www.allmusicals.com/g/gonemissing.htm,Gone Missing.jpg,fixed-width,Gone_Missing.jpg,Gone_Missing.jpg
Good News,http://www.allmusicals.com/g/goodnews.htm,Good News.jpg,fixed-width,Good_News.jpg,Good_News.jpg
Goodbye Girl,http://www.allmusicals.com/g/goodbyegirlthe.htm,Goodbye Girl.jpg,fixed-width,Goodbye_Girl.jpg,Goodbye_Girl.jpg
Grand Hotel,http://www.allmusicals.com/g/grandhotel.htm,Grand Hotel.jpg,fixed-width,Grand_Hotel.jpg,Grand_Hotel.jpg
Greetings From Yorkville,http://www.allmusicals.com/g/greetingsfromyorkville.htm,Greetings From Yorkville.jpg,fixed-width,Greetings_From_Yorkville.jpg,Greetings_From_Yorkville.jpg
Grey Gardens,http://www.allmusicals.com/g/greygardens.htm,Grey Gardens.jpg,fixed-width,Grey_Gardens.jpg,Grey_Gardens.jpg
Grind,http://www.allmusicals.com/g/grind.htm,Grind.jpg,fixed-width,Grind.jpg,Grind.jpg
Gutenberg! The Musical!,http://www.allmusicals.com/g/gutenbergthemusical.htm,Gutenberg! The Musical!.jpg,fixed-width,Gutenberg!_The_Musical!.jpg,Gutenberg!_The_Musical!.jpg
Guys and Dolls,http://www.allmusicals.com/g/guysanddolls.htm,Guys and Dolls.jpg,fixed-width,Guys_and_Dolls.jpg,Guys_and_Dolls.jpg
Gypsy,http://www.allmusicals.com/g/gypsy.htm,Gypsy.jpg,fixed-width,Gypsy.jpg,Gypsy.jpg
Hair,http://www.allmusicals.com/h/hair.htm,Hair.jpg,fixed-width,Hair.jpg,Hair.jpg
Hairspray,http://www.allmusicals.com/h/hairspray.htm,Hairspray.jpg,fixed-width,Hairspray.jpg,Hairspray.jpg
"Hallelujah, Baby!",http://www.allmusicals.com/h/hallelujahbaby.htm,"Hallelujah, Baby!.jpg",fixed-width,"Hallelujah,_Baby!.jpg","Hallelujah,_Baby!.jpg"
Hamilton,http://www.allmusicals.com/h/hamilton.htm,Hamilton.jpg,fixed-width,Hamilton.jpg,Hamilton.jpg
Happiest Girl in the World,http://www.allmusicals.com/h/happiestgirlintheworldthe.htm,Happiest Girl in the World.jpg,fixed-width,Happiest_Girl_in_the_World.jpg,Happiest_Girl_in_the_World.jpg
Happy Days,http://www.allmusicals.com/h/happydays.htm,Happy Days.jpg,fixed-width,Happy_Days.jpg,Happy_Days.jpg
Happy End,http://www.allmusicals.com/h/happyend.htm,Happy End.jpg,fixed-width,Happy_End.jpg,Happy_End.jpg
Heathers,http://www.allmusicals.com/h/heathers.htm,Heathers.jpg,fixed-width,Heathers.jpg,Heathers.jpg
Hedwig And The Angry Inch,http://www.allmusicals.com/h/hedwigandtheangryinch.htm,Hedwig And The Angry Inch.jpg,fixed-width,Hedwig_And_The_Angry_Inch.jpg,Hedwig_And_The_Angry_Inch.jpg
"Hello, Dolly",http://www.allmusicals.com/h/hellodolly.htm,"Hello, Dolly.jpg",fixed-width,"Hello,_Dolly.jpg","Hello,_Dolly.jpg"
High Fidelity,http://www.allmusicals.com/h/highfidelity.htm,High Fidelity.jpg,fixed-width,High_Fidelity.jpg,High_Fidelity.jpg
High School Musical 2,http://www.allmusicals.com/h/highschoolmusical.htm,High School Musical 2.jpg,fixed-width,High_School_Musical.jpg,High_School_Musical.jpg
High School Musical 3,http://www.allmusicals.com/h/highschoolmusical2.htm,High School Musical 3.jpg,fixed-width,High_School_Musical_2.jpg,High_School_Musical_2.jpg
High School Musical On Stage,http://www.allmusicals.com/h/highschoolmusical3.htm,High School Musical On Stage.jpg,fixed-width,High_School_Musical_3.jpg,High_School_Musical_3.jpg
High School Musical,http://www.allmusicals.com/h/highschoolmusicalonstage.htm,High School Musical.jpg,fixed-width,High_School_Musical_On_Stage.jpg,High_School_Musical_On_Stage.jpg
High Society,http://www.allmusicals.com/h/highsociety.htm,High Society.jpg,fixed-width,High_Society.jpg,High_Society.jpg
Honk,http://www.allmusicals.com/h/honk.htm,Honk.jpg,fixed-width,Honk.jpg,Honk.jpg
How the Grinch Stole Christmas,http://www.allmusicals.com/h/howthegrinchstolechristmas.htm,How the Grinch Stole Christmas.jpg,fixed-width,How_the_Grinch_Stole_Christmas.jpg,How_the_Grinch_Stole_Christmas.jpg
How to Succeed in Business Without Really Trying,http://www.allmusicals.com/h/howtosucceedinbusinesswithoutreallytrying.htm,How to Succeed in Business Without Really Trying.jpg,fixed-width,How_to_Succeed_in_Business_Without_Really_Trying.jpg,How_to_Succeed_in_Business_Without_Really_Trying.jpg
I Do! I Do!,http://www.allmusicals.com/i/idoido.htm,I Do! I Do!.jpg,fixed-width,I_Do!_I_Do!.jpg,I_Do!_I_Do!.jpg
I Love My Wife,http://www.allmusicals.com/i/ilovemywife.htm,I Love My Wife.jpg,fixed-width,I_Love_My_Wife.jpg,I_Love_My_Wife.jpg
I Love You Because,http://www.allmusicals.com/i/iloveyoubecause.htm,I Love You Because.jpg,fixed-width,"I_Love_You,_You're_Perfect,_Now_Change.jpg","I_Love_You,_Youre_Perfect,_Now_Change.jpg"
"I Love You, You're Perfect, Now Change",http://www.allmusicals.com/i/iloveyouyoureperfectnowchange.htm,"I Love You, You're Perfect, Now Change.jpg",fixed-width,I_Love_You_Because.jpg,I_Love_You_Because.jpg
I Sing,http://www.allmusicals.com/i/ising.htm,I Sing.jpg,fixed-width,I_Sing.jpg,I_Sing.jpg
If Then,http://www.allmusicals.com/i/ifthen.htm,If Then.jpg,fixed-width,If_Then.jpg,If_Then.jpg
Illya Darling,http://www.allmusicals.com/i/illyadarling.htm,Illya Darling.jpg,fixed-width,Illya_Darling.jpg,Illya_Darling.jpg
In the Heights,http://www.allmusicals.com/i/introusers.htm,In the Heights.jpg,fixed-width,In_the_Heights.jpg,In_the_Heights.jpg
In Trousers,http://www.allmusicals.com/i/intheheights.htm,In Trousers.jpg,fixed-width,In_Trousers.jpg,In_Trousers.jpg
Into the Woods,http://www.allmusicals.com/i/intothewoods.htm,Into the Woods.jpg,fixed-width,Into_the_Woods.jpg,Into_the_Woods.jpg
Irene,http://www.allmusicals.com/i/irene.htm,Irene.jpg,fixed-width,Irene.jpg,Irene.jpg
It's Only Life,http://www.allmusicals.com/i/itsonlylife.htm,It's Only Life.jpg,fixed-width,It's_Only_Life.jpg,Its_Only_Life.jpg
Jacques Brel Is Alive and Well and Living in Paris,http://www.allmusicals.com/j/jacquesbrelisaliveandwellandlivinginparis.htm,Jacques Brel Is Alive and Well and Living in Paris.jpg,fixed-width,Jacques_Brel_Is_Alive_and_Well_and_Living_in_Paris.jpg,Jacques_Brel_Is_Alive_and_Well_and_Living_in_Paris.jpg
Jane Eyre,http://www.allmusicals.com/j/janeeyre.htm,Jane Eyre.jpg,fixed-width,Jane_Eyre.jpg,Jane_Eyre.jpg
Jekyll & Hyde,http://www.allmusicals.com/j/jekyllhyde.htm,Jekyll & Hyde.jpg,fixed-width,Jekyll_&_Hyde.jpg,Jekyll_&_Hyde.jpg
Jelly's Last Jam,http://www.allmusicals.com/j/jellyslastjam.htm,Jelly's Last Jam.jpg,fixed-width,Jelly's_Last_Jam.jpg,Jelly's_Last_Jam.jpg
Jennie,http://www.allmusicals.com/j/jennie.htm,Jennie.jpg,fixed-width,Jennie.jpg,Jennie.jpg
Jerry Springer_ the Opera,http://www.allmusicals.com/j/jerryspringertheopera.htm,Jerry Springer_ the Opera.jpg,fixed-width,Jerry_Springer__the_Opera.jpg,Jerry_Springer__the_Opera.jpg
Jersey Boys,http://www.allmusicals.com/j/jerseyboys.htm,Jersey Boys.jpg,fixed-width,Jersey_Boys.jpg,Jersey_Boys.jpg
Jesus Christ Superstar,http://www.allmusicals.com/j/jesuschristsuperstar.htm,Jesus Christ Superstar.jpg,fixed-width,Jesus_Christ_Superstar.jpg,Jesus_Christ_Superstar.jpg
Joseph And The Amazing Technicolor Dreamcoat,http://www.allmusicals.com/j/josephandtheamazingtechnicolordreamcoat.htm,Joseph And The Amazing Technicolor Dreamcoat.jpg,fixed-width,Joseph_And_The_Amazing_Technicolor_Dreamcoat.jpg,Joseph_And_The_Amazing_Technicolor_Dreamcoat.jpg
Jungle Book,http://www.allmusicals.com/j/junglebook.htm,Jungle Book.jpg,fixed-width,Jungle_Book.jpg,Jungle_Book.jpg
Just So,http://www.allmusicals.com/j/justso.htm,Just So.jpg,fixed-width,Just_So.jpg,Just_So.jpg
King and I,http://www.allmusicals.com/k/kingandithe.htm,King and I.jpg,fixed-width,King_and_I.jpg,King_and_I.jpg
Kinky Boots,http://www.allmusicals.com/k/kinkyboots.htm,Kinky Boots.jpg,fixed-width,Kinky_Boots.jpg,Kinky_Boots.jpg
Kismet,http://www.allmusicals.com/k/kismet.htm,Kismet.jpg,fixed-width,Kismet.jpg,Kismet.jpg
"Kiss Me, Kate",http://www.allmusicals.com/k/kissmekate.htm,"Kiss Me, Kate.jpg",fixed-width,"Kiss_Me,_Kate.jpg","Kiss_Me,_Kate.jpg"
Kiss Of The Spider Woman,http://www.allmusicals.com/k/kissofthespiderwoman.htm,Kiss Of The Spider Woman.jpg,fixed-width,Kiss_Of_The_Spider_Woman.jpg,Kiss_Of_The_Spider_Woman.jpg
Kitty's Kisses,http://www.allmusicals.com/k/kittyskisses.htm,Kitty's Kisses.jpg,fixed-width,Kitty's_Kisses.jpg,Kittys_Kisses.jpg
La Cage Aux Folles,http://www.allmusicals.com/l/lacageauxfolles.htm,La Cage Aux Folles.jpg,fixed-width,La_Cage_Aux_Folles.jpg,La_Cage_Aux_Folles.jpg
Last 5 Years,http://www.allmusicals.com/l/last5yearsthe.htm,Last 5 Years.jpg,fixed-width,Last_5_Years.jpg,Last_5_Years.jpg
Leader of the Pack,http://www.allmusicals.com/l/leaderofthepack.htm,Leader of the Pack.jpg,fixed-width,Leader_of_the_Pack.jpg,Leader_of_the_Pack.jpg
Legally Blonde,http://www.allmusicals.com/l/legallyblonde.htm,Legally Blonde.jpg,fixed-width,Legally_Blonde.jpg,Legally_Blonde.jpg
Lennon,http://www.allmusicals.com/l/lennon.htm,Lennon.jpg,fixed-width,Lennon.jpg,Lennon.jpg
Les Miserables,http://www.allmusicals.com/l/lesmiserables.htm,Les Miserables.jpg,fixed-width,Les_Miserables.jpg,Les_Miserables.jpg
Lestat,http://www.allmusicals.com/l/lestat.htm,Lestat.jpg,fixed-width,Lestat.jpg,Lestat.jpg
Li'l Abner,http://www.allmusicals.com/l/lilabner.htm,Li'l Abner.jpg,fixed-width,Li'l_Abner.jpg,Light_in_the_Piazza.jpg
Light in the Piazza,http://www.allmusicals.com/l/lightinthepiazza.htm,Light in the Piazza.jpg,fixed-width,Light_in_the_Piazza.jpg,Likes_of_US.jpg
Likes of US,http://www.allmusicals.com/l/likesofusthe.htm,Likes of US.jpg,fixed-width,Likes_of_US.jpg,Lil_Abner.jpg
Lion King,http://www.allmusicals.com/l/lionking.htm,Lion King.jpg,fixed-width,Lion_King.jpg,Lion_King.jpg
Little Fish,http://www.allmusicals.com/l/littlefish.htm,Little Fish.jpg,fixed-width,Little_Fish.jpg,Little_Fish.jpg
Little Mary Sunshine,http://www.allmusicals.com/l/littlemarysunshine.htm,Little Mary Sunshine.jpg,fixed-width,Little_Mary_Sunshine.jpg,Little_Mary_Sunshine.jpg
Little Me,http://www.allmusicals.com/l/littleme.htm,Little Me.jpg,fixed-width,Little_Me.jpg,Little_Me.jpg
Little Mermaid,http://www.allmusicals.com/l/littlemermaid.htm,Little Mermaid.jpg,fixed-width,Little_Mermaid.jpg,Little_Mermaid.jpg
Little Night Music,http://www.allmusicals.com/l/littlenightmusic.htm,Little Night Music.jpg,fixed-width,Little_Night_Music.jpg,Little_Night_Music.jpg
Little Shop of Horrors,http://www.allmusicals.com/l/littleshopofhorrors.htm,Little Shop of Horrors.jpg,fixed-width,Little_Shop_of_Horrors.jpg,Little_Shop_of_Horrors.jpg
Little Women,http://www.allmusicals.com/l/littlewomen.htm,Little Women.jpg,fixed-width,Little_Women.jpg,Little_Women.jpg
Liza's at the Palace,http://www.allmusicals.com/l/lizasatthepalace.htm,Liza's at the Palace.jpg,fixed-width,Liza's_at_the_Palace.jpg,Lizas_at_the_Palace.jpg
Lone Star Love,http://www.allmusicals.com/l/lonestarlove.htm,Lone Star Love.jpg,fixed-width,Lone_Star_Love.jpg,Lone_Star_Love.jpg
Lord of the Rings,http://www.allmusicals.com/l/lordoftherings.htm,Lord of the Rings.jpg,fixed-width,Lord_of_the_Rings.jpg,Lord_of_the_Rings.jpg
Love Never Dies,http://www.allmusicals.com/l/loveneverdies.htm,Love Never Dies.jpg,fixed-width,Love_Never_Dies.jpg,Love_Never_Dies.jpg
Love Online,http://www.allmusicals.com/l/loveonline.htm,Love Online.jpg,fixed-width,Love_Online.jpg,Love_Online.jpg
LoveMusik,http://www.allmusicals.com/l/lovemusik.htm,LoveMusik.jpg,fixed-width,LoveMusik.jpg,LoveMusik.jpg
Lucky Stiff,http://www.allmusicals.com/l/luckystiff.htm,Lucky Stiff.jpg,fixed-width,Lucky_Stiff.jpg,Lucky_Stiff.jpg
Mack & Mabel,http://www.allmusicals.com/m/mackmabel.htm,Mack & Mabel.jpg,fixed-width,Mack_&_Mabel.jpg,Mack_&_Mabel.jpg
Magic Tree House,http://www.allmusicals.com/m/magictreehouse.htm,Magic Tree House.jpg,fixed-width,Magic_Tree_House.jpg,Magic_Tree_House.jpg
Make Me A Song,http://www.allmusicals.com/m/makemeasong.htm,Make Me A Song.jpg,fixed-width,Make_Me_A_Song.jpg,Make_Me_A_Song.jpg
Mame,http://www.allmusicals.com/m/mame.htm,Mame.jpg,fixed-width,Mame.jpg,Mame.jpg
Mamma Mia,http://www.allmusicals.com/m/mammamia.htm,Mamma Mia.jpg,fixed-width,Mamma_Mia.jpg,Mamma_Mia.jpg
Man of La Mancha,http://www.allmusicals.com/m/manoflamancha.htm,Man of La Mancha.jpg,fixed-width,Man_of_La_Mancha.jpg,Man_of_La_Mancha.jpg
Man of No Importance,http://www.allmusicals.com/m/manofnoimportancea.htm,"Man of No Importance, A.jpg",fixed-width,"Man_of_No_Importance,_A.jpg","Man_of_No_Importance,_A.jpg"
March Of The Falsettos,http://www.allmusicals.com/m/marchofthefalsettos.htm,March Of The Falsettos.jpg,fixed-width,March_Of_The_Falsettos.jpg,March_Of_The_Falsettos.jpg
Marguerite,http://www.allmusicals.com/m/marguerite.htm,Marguerite.jpg,fixed-width,Marguerite.jpg,Marguerite.jpg
Marie Christine,http://www.allmusicals.com/m/mariechristine.htm,Marie Christine.jpg,fixed-width,Marie_Christine.jpg,Marie_Christine.jpg
Marvelous Wonderettes,http://www.allmusicals.com/m/marvelouswonderettesthe.htm,Marvelous Wonderettes.jpg,fixed-width,Marvelous_Wonderettes.jpg,Marvelous_Wonderettes.jpg
Mary Poppins,http://www.allmusicals.com/m/marypoppins.htm,Mary Poppins.jpg,fixed-width,Mary_Poppins.jpg,Mary_Poppins.jpg
Matilda,http://www.allmusicals.com/m/matilda.htm,Matilda.jpg,fixed-width,Matilda.jpg,Matilda.jpg
Me and Juliet,http://www.allmusicals.com/m/menobodyknowsthe.htm,Me and Juliet.jpg,fixed-width,Me_and_Juliet.jpg,Me_and_Juliet.jpg
Me and My Girl,http://www.allmusicals.com/m/meandjuliet.htm,Me and My Girl.jpg,fixed-width,Me_and_My_Girl.jpg,Me_and_My_Girl.jpg
Me Nobody Knows,http://www.allmusicals.com/m/meandmygirl.htm,Me Nobody Knows.jpg,fixed-width,Me_Nobody_Knows.jpg,Me_Nobody_Knows.jpg
Meet Me In St. Louis,http://www.allmusicals.com/m/meetmeinstlouis.htm,Meet Me In St. Louis.jpg,fixed-width,Meet_Me_In_St._Louis.jpg,Meet_Me_In_St._Louis.jpg
Memphis,http://www.allmusicals.com/m/memphis.htm,Memphis.jpg,fixed-width,Memphis.jpg,Memphis.jpg
Menopause,http://www.allmusicals.com/m/menopause.htm,Menopause.jpg,fixed-width,Menopause.jpg,Menopause.jpg
Merrily We Roll Along,http://www.allmusicals.com/m/merrilywerollalong.htm,Merrily We Roll Along.jpg,fixed-width,Merrily_We_Roll_Along.jpg,Merrily_We_Roll_Along.jpg
Milk And Honey,http://www.allmusicals.com/m/milkandhoney.htm,Milk And Honey.jpg,fixed-width,Milk_And_Honey.jpg,Milk_And_Honey.jpg
Million Dollar Quartet,http://www.allmusicals.com/m/milliondollarquartet.htm,Million Dollar Quartet.jpg,fixed-width,Million_Dollar_Quartet.jpg,Million_Dollar_Quartet.jpg
Miss Liberty,http://www.allmusicals.com/m/missliberty.htm,Miss Liberty.jpg,fixed-width,Miss_Liberty.jpg,Miss_Liberty.jpg
Miss Saigon,http://www.allmusicals.com/m/misssaigon.htm,Miss Saigon.jpg,fixed-width,Miss_Saigon.jpg,Miss_Saigon.jpg
Most Happy Fella,http://www.allmusicals.com/m/mosthappyfellathe.htm,Most Happy Fella.jpg,fixed-width,Most_Happy_Fella.jpg,Most_Happy_Fella.jpg
Motown,http://www.allmusicals.com/m/motown.htm,Motown.jpg,fixed-width,Motown.jpg,Motown.jpg
Movin' Out,http://www.allmusicals.com/m/movinout.htm,Movin' Out.jpg,fixed-width,Movin'_Out.jpg,Movin_Out.jpg
Mr. Mark Twain,http://www.allmusicals.com/m/mrmarktwain.htm,Mr. Mark Twain.jpg,fixed-width,Mr._Mark_Twain.jpg,Mr._Mark_Twain.jpg
Mr. President,http://www.allmusicals.com/m/mrpresident.htm,Mr. President.jpg,fixed-width,Mr._President.jpg,Mr._President.jpg
Music Man,http://www.allmusicals.com/m/musicmanthe.htm,Music Man.jpg,fixed-width,Music_Man.jpg,Music_Man.jpg
My Fair Lady,http://www.allmusicals.com/m/myfairlady.htm,My Fair Lady.jpg,fixed-width,My_Fair_Lady.jpg,My_Fair_Lady.jpg
My Favorite Year,http://www.allmusicals.com/m/myfavoriteyear.htm,My Favorite Year.jpg,fixed-width,My_Favorite_Year.jpg,My_Favorite_Year.jpg
My Name will always be Alice,http://www.allmusicals.com/m/mynamewillalwaysbealice.htm,My Name will always be Alice.jpg,fixed-width,My_Name_will_always_be_Alice.jpg,My_Name_will_always_be_Alice.jpg
Mystery Of Edwin Drood,http://www.allmusicals.com/m/mysteryofedwindroodthe.htm,Mystery Of Edwin Drood.jpg,fixed-width,Mystery_Of_Edwin_Drood.jpg,Mystery_Of_Edwin_Drood.jpg
Myths And Hymns,http://www.allmusicals.com/m/mythsandhymns.htm,Myths And Hymns.jpg,fixed-width,Myths_And_Hymns.jpg,Myths_And_Hymns.jpg
Naked Boys Singing,http://www.allmusicals.com/n/nakedboyssinging.htm,Naked Boys Singing.jpg,fixed-width,Naked_Boys_Singing.jpg,Naked_Boys_Singing.jpg
Narnia,http://www.allmusicals.com/n/narnia.htm,Narnia.jpg,fixed-width,Narnia.jpg,Narnia.jpg
"Natasha, Pierre",http://www.allmusicals.com/n/natashapierreandthegreatcometof1812.htm,"Natasha, Pierre, And The Great Comet Of 1812.jpg",fixed-width,"Natasha,_Pierre,_And_The_Great_Comet_Of_1812.jpg","Natasha,_Pierre,_And_The_Great_Comet_Of_1812.jpg"
New Brain,http://www.allmusicals.com/n/newbraina.htm,"New Brain, A.jpg",fixed-width,"New_Brain,_A.jpg","New_Brain,_A.jpg"
New Girl in Town,http://www.allmusicals.com/n/newgirlintown.htm,New Girl in Town.jpg,fixed-width,New_Girl_in_Town.jpg,New_Girl_in_Town.jpg
Newsies,http://www.allmusicals.com/n/newsies.htm,Newsies.jpg,fixed-width,Newsies.jpg,Newsies.jpg
Next to Normal,http://www.allmusicals.com/n/nexttonormal.htm,Next to Normal.jpg,fixed-width,Next_to_Normal.jpg,Next_to_Normal.jpg
Nice Work If You Can Get It,http://www.allmusicals.com/n/niceworkifyoucangetit.htm,Nice Work If You Can Get It.jpg,fixed-width,Nice_Work_If_You_Can_Get_It.jpg,Nice_Work_If_You_Can_Get_It.jpg
Nine,http://www.allmusicals.com/n/nine.htm,Nine.jpg,fixed-width,Nine.jpg,Nine.jpg
No Strings,http://www.allmusicals.com/n/nostrings.htm,No Strings.jpg,fixed-width,No_Strings.jpg,No_Strings.jpg
Notre Dame de Paris,http://www.allmusicals.com/n/notredamedeparis.htm,Notre Dame de Paris.jpg,fixed-width,Notre_Dame_de_Paris.jpg,Notre_Dame_de_Paris.jpg
Of Thee I Sing,http://www.allmusicals.com/o/oftheeising.htm,Of Thee I Sing.jpg,fixed-width,Of_Thee_I_Sing.jpg,Of_Thee_I_Sing.jpg
Oh Captain,http://www.allmusicals.com/o/ohcaptain.htm,Oh Captain.jpg,fixed-width,"Oh,_Kay!.jpg","Oh,_Kay!.jpg"
"Oh, Kay!",http://www.allmusicals.com/o/ohkay.htm,"Oh, Kay!.jpg",fixed-width,Oh_Captain.jpg,Oh_Captain.jpg
Oklahoma,http://www.allmusicals.com/o/oklahoma.htm,Oklahoma.jpg,fixed-width,Oklahoma.jpg,Oklahoma.jpg
Oliver,http://www.allmusicals.com/o/oliver.htm,Oliver.jpg,fixed-width,Oliver.jpg,Oliver.jpg
On a Clear Day You Can See Forever,http://www.allmusicals.com/o/onthetown.htm,On a Clear Day You Can See Forever.jpg,fixed-width,On_a_Clear_Day_You_Can_See_Forever.jpg,On_a_Clear_Day_You_Can_See_Forever.jpg
On the Record,http://www.allmusicals.com/o/onyourfeet.htm,On the Record.jpg,fixed-width,On_the_Record.jpg,On_the_Record.jpg
On The Town,http://www.allmusicals.com/o/onacleardayyoucanseeforever.htm,On The Town.jpg,fixed-width,On_The_Town.jpg,On_The_Town.jpg
On Your Feet!,http://www.allmusicals.com/o/ontherecord.htm,On Your Feet!.jpg,fixed-width,On_Your_Feet!.jpg,On_Your_Feet!.jpg
Once On This Island,http://www.allmusicals.com/o/onceonthisisland.htm,Once On This Island.jpg,fixed-width,Once_On_This_Island.jpg,Once_On_This_Island.jpg
Once Upon A Mattress,http://www.allmusicals.com/o/onceuponamattress.htm,Once Upon A Mattress.jpg,fixed-width,Once_Upon_A_Mattress.jpg,Once_Upon_A_Mattress.jpg
Out Of This World,http://www.allmusicals.com/o/outofthisworld.htm,Out Of This World.jpg,fixed-width,Out_Of_This_World.jpg,Out_Of_This_World.jpg
Pacific Overtures,http://www.allmusicals.com/p/pacificovertures.htm,Pacific Overtures.jpg,fixed-width,Pacific_Overtures.jpg,Pacific_Overtures.jpg
Paint Your Wagon,http://www.allmusicals.com/p/paintyourwagon.htm,Paint Your Wagon.jpg,fixed-width,Paint_Your_Wagon.jpg,Paint_Your_Wagon.jpg
Pajama Game,http://www.allmusicals.com/p/pajamagamethe.htm,Pajama Game.jpg,fixed-width,Pajama_Game.jpg,Pajama_Game.jpg
Pal Joey,http://www.allmusicals.com/p/paljoey.htm,Pal Joey.jpg,fixed-width,Pal_Joey.jpg,Pal_Joey.jpg
Parade,http://www.allmusicals.com/p/parade.htm,Parade.jpg,fixed-width,Parade.jpg,Parade.jpg
Passing Strange,http://www.allmusicals.com/p/passingstrange.htm,Passing Strange.jpg,fixed-width,Passing_Strange.jpg,Passing_Strange.jpg
Passion,http://www.allmusicals.com/p/passion.htm,Passion.jpg,fixed-width,Passion.jpg,Passion.jpg
People vs. Mona,http://www.allmusicals.com/p/peoplevsmona.htm,People vs. Mona.jpg,fixed-width,People_vs._Mona.jpg,People_vs._Mona.jpg
Peter Pan,http://www.allmusicals.com/p/peterpan.htm,Peter Pan.jpg,fixed-width,Peter_Pan.jpg,Peter_Pan.jpg
Phantom of the Opera,http://www.allmusicals.com/p/phantomoftheoperathe.htm,Phantom of the Opera.jpg,fixed-width,Phantom_of_the_Opera.jpg,Phantom_of_the_Opera.jpg
Pipe Dream,http://www.allmusicals.com/p/pipedream.htm,Pipe Dream.jpg,fixed-width,Pipe_Dream.jpg,Pipe_Dream.jpg
Pippin,http://www.allmusicals.com/p/pippin.htm,Pippin.jpg,fixed-width,Pippin.jpg,Pippin.jpg
Pirate Queen,http://www.allmusicals.com/p/piratequeenthe.htm,Pirate Queen.jpg,fixed-width,Pirate_Queen.jpg,Pirate_Queen.jpg
Pirates of Penzance,http://www.allmusicals.com/p/piratesofpenzancethe.htm,Pirates of Penzance.jpg,fixed-width,Pirates_of_Penzance.jpg,Pirates_of_Penzance.jpg
Play On!,http://www.allmusicals.com/p/playon.htm,Play On!.jpg,fixed-width,Play_On!.jpg,Play_On!.jpg
Pocahontas,http://www.allmusicals.com/p/pocahontas.htm,Pocahontas.jpg,fixed-width,Pocahontas.jpg,Pocahontas.jpg
Pretty Faces,http://www.allmusicals.com/p/prettyfaces.htm,Pretty Faces.jpg,fixed-width,Pretty_Faces.jpg,Pretty_Faces.jpg
Princess and the Frog,http://www.allmusicals.com/p/princessandthefrog.htm,Princess and the Frog.jpg,fixed-width,Princess_and_the_Frog.jpg,Princess_and_the_Frog.jpg
Priscilla_ Queen of the Desert,http://www.allmusicals.com/p/priscillaqueenofthedesert.htm,Priscilla Queen of the Desert.jpg,fixed-width,Priscilla__Queen_of_the_Desert.jpg,Priscilla__Queen_of_the_Desert.jpg
Producers,http://www.allmusicals.com/p/producers.htm,Producers.jpg,fixed-width,Producers.jpg,Producers.jpg
Prom Night,http://www.allmusicals.com/p/promnight.htm,Prom Night.jpg,fixed-width,Prom_Night.jpg,Prom_Night.jpg
"Promises, Promises",http://www.allmusicals.com/p/promisespromises.htm,"Promises, Promises.jpg",fixed-width,"Promises,_Promises.jpg","Promises,_Promises.jpg"
Pump Boys And Dinettes,http://www.allmusicals.com/p/pumpboysanddinettes.htm,Pump Boys And Dinettes.jpg,fixed-width,Pump_Boys_And_Dinettes.jpg,Pump_Boys_And_Dinettes.jpg
Quadrophenia ,http://www.allmusicals.com/q/quadrophenia.htm,Quadrophenia .jpg,fixed-width,Quadrophenia_.jpg,Quadrophenia_.jpg
Queen of the Mist,http://www.allmusicals.com/q/queenofthemist.htm,Queen of the Mist.jpg,fixed-width,Queen_of_the_Mist.jpg,Queen_of_the_Mist.jpg
Quilters,http://www.allmusicals.com/q/quilters.htm,Quilters.jpg,fixed-width,Quilters.jpg,Quilters.jpg
Radio City Christmas Spectacular,http://www.allmusicals.com/r/repothegeneticopera.htm,Radio City Christmas Spectacular.jpg,fixed-width,Radio_City_Christmas_Spectacular.jpg,Radio_City_Christmas_Spectacular.jpg
Ragtime,http://www.allmusicals.com/r/radiocitychristmasspectacular.htm,Ragtime.jpg,fixed-width,Ragtime.jpg,Ragtime.jpg
Raisin,http://www.allmusicals.com/r/ragtime.htm,Raisin.jpg,fixed-width,Raisin.jpg,Raisin.jpg
Redhead,http://www.allmusicals.com/r/raisin.htm,Redhead.jpg,fixed-width,Redhead.jpg,Redhead.jpg
Reefer Madness,http://www.allmusicals.com/r/redhead.htm,Reefer Madness.jpg,fixed-width,Reefer_Madness.jpg,Reefer_Madness.jpg
Rent,http://www.allmusicals.com/r/reefermadness.htm,Rent.jpg,fixed-width,Rent.jpg,Rent.jpg
REPO! The Genetic Opera,http://www.allmusicals.com/r/rent.htm,REPO! The Genetic Opera.jpg,fixed-width,REPO!_The_Genetic_Opera.jpg,REPO!_The_Genetic_Opera.jpg
Ring of Fire,http://www.allmusicals.com/r/ringoffire.htm,Ring of Fire.jpg,fixed-width,Ring_of_Fire.jpg,Ring_of_Fire.jpg
Rink,http://www.allmusicals.com/r/rinkthe.htm,Rink.jpg,fixed-width,Rink.jpg,Rink.jpg
Roar Of The Greasepaint,http://www.allmusicals.com/r/roarofthegreasepaintthethesmellofthecrowd.htm,"Roar Of The Greasepaint, The - The Smell Of The Crowd.jpg",fixed-width,"Roar_Of_The_Greasepaint,_The_-_The_Smell_Of_The_Crowd.jpg","Roar_Of_The_Greasepaint,_The_-_The_Smell_Of_The_Crowd.jpg"
Rock Of Ages,http://www.allmusicals.com/r/rockofages.htm,Rock Of Ages.jpg,fixed-width,Rock_Of_Ages.jpg,Rock_Of_Ages.jpg
Rocky Horror Show,http://www.allmusicals.com/r/rockyhorrorshow.htm,Rocky Horror Show.jpg,fixed-width,Rocky_Horror_Show.jpg,Rocky_Horror_Show.jpg
Rodgers and Hammerstein's South Pacific,http://www.allmusicals.com/r/rodgersandhammersteinssouthpacific.htm,Rodgers and Hammerstein's South Pacific.jpg,fixed-width,Rodgers_and_Hammerstein's_South_Pacific.jpg,Rodgers_and_Hammersteins_South_Pacific.jpg
Rooms_ A Rock Romance,http://www.allmusicals.com/r/roomsarockromance.htm,Rooms A Rock Romance.jpg,fixed-width,Rooms__A_Rock_Romance.jpg,Rooms__A_Rock_Romance.jpg
Rude Awakening,http://www.allmusicals.com/r/rudeawakening.htm,Rude Awakening.jpg,fixed-width,Rude_Awakening.jpg,Rude_Awakening.jpg
Salad Days,http://www.allmusicals.com/s/saladdays.htm,Salad Days.jpg,fixed-width,Salad_Days.jpg,Salad_Days.jpg
Saturday Night Fever,http://www.allmusicals.com/s/saturdaynightfever.htm,Saturday Night Fever.jpg,fixed-width,Saturday_Night_Fever.jpg,Saturday_Night_Fever.jpg
"Say, Darling",http://www.allmusicals.com/s/saydarling.htm,"Say, Darling.jpg",fixed-width,"Say,_Darling.jpg","Say,_Darling.jpg"
Scarlet Pimpernel,http://www.allmusicals.com/s/scarletpimpernelthe.htm,Scarlet Pimpernel.jpg,fixed-width,Scarlet_Pimpernel.jpg,Scarlet_Pimpernel.jpg
School of Rock,http://www.allmusicals.com/s/schoolofrock.htm,School of Rock.jpg,fixed-width,School_of_Rock.jpg,School_of_Rock.jpg
Scrooge,http://www.allmusicals.com/s/scrooge.htm,Scrooge.jpg,fixed-width,Scrooge.jpg,Scrooge.jpg
Secret Garden,http://www.allmusicals.com/s/secretgardenthe.htm,Secret Garden.jpg,fixed-width,Secret_Garden.jpg,Secret_Garden.jpg
See What I Wanna See,http://www.allmusicals.com/s/seewhatiwannasee.htm,See What I Wanna See.jpg,fixed-width,See_What_I_Wanna_See.jpg,See_What_I_Wanna_See.jpg
Seesaw,http://www.allmusicals.com/s/seesaw.htm,Seesaw.jpg,fixed-width,Seesaw.jpg,Seesaw.jpg
Seussical,http://www.allmusicals.com/s/seussical.htm,Seussical.jpg,fixed-width,Seussical.jpg,Seussical.jpg
Seven Brides For Seven Brothers,http://www.allmusicals.com/s/sevenbridesforsevenbrothers.htm,Seven Brides For Seven Brothers.jpg,fixed-width,Seven_Brides_For_Seven_Brothers.jpg,Seven_Brides_For_Seven_Brothers.jpg
She Loves Me,http://www.allmusicals.com/s/shelovesme.htm,She Loves Me.jpg,fixed-width,She_Loves_Me.jpg,She_Loves_Me.jpg
Shout!,http://www.allmusicals.com/s/shout.htm,Shout!.jpg,fixed-width,Shout!.jpg,Shout!.jpg
Show Boat,http://www.allmusicals.com/s/showboat.htm,Show Boat.jpg,fixed-width,Show_Boat.jpg,Show_Boat.jpg
Shrek,http://www.allmusicals.com/s/shrek.htm,Shrek.jpg,fixed-width,Shrek.jpg,Shrek.jpg
Side Show,http://www.allmusicals.com/s/sideshow.htm,Side Show.jpg,fixed-width,Side_Show.jpg,Side_Show.jpg
Silence!,http://www.allmusicals.com/s/silence.htm,Silence!.jpg,fixed-width,Silence!.jpg,Silence!.jpg
Singin' In The Rain,http://www.allmusicals.com/s/singinintherain.htm,Singin' In The Rain.jpg,fixed-width,Singin'_In_The_Rain.jpg,Singin_In_The_Rain.jpg
Sister Act The Musical,http://www.allmusicals.com/s/sisteractthemusical.htm,Sister Act The Musical.jpg,fixed-width,Sister_Act_The_Musical.jpg,Sister_Act_The_Musical.jpg
Smash,http://www.allmusicals.com/s/smash.htm,Smash.jpg,fixed-width,Smash.jpg,Smash.jpg
Smile,http://www.allmusicals.com/s/smile.htm,Smile.jpg,fixed-width,Smile.jpg,Smile.jpg
Smokey Joe's Cafe,http://www.allmusicals.com/s/smokeyjoescafe.htm,Smokey Joe's Cafe.jpg,fixed-width,Smokey_Joe's_Cafe.jpg,Smokey_Joes_Cafe.jpg
Snoopy,http://www.allmusicals.com/s/snoopy.htm,Snoopy.jpg,fixed-width,Snoopy.jpg,Snoopy.jpg
Snow White And The Seven Dwarfs,http://www.allmusicals.com/s/snowwhiteandthesevendwarfs.htm,Snow White And The Seven Dwarfs.jpg,fixed-width,Snow_White_And_The_Seven_Dwarfs.jpg,Snow_White_And_The_Seven_Dwarfs.jpg
"So Long, 174th Street",http://www.allmusicals.com/s/solong174thstreet.htm,"So Long, 174th Street.jpg",fixed-width,"So_Long,_174th_Street.jpg","So_Long,_174th_Street.jpg"
Something Rotten!,http://www.allmusicals.com/s/somethingrotten.htm,Something Rotten!.jpg,fixed-width,Something_Rotten!.jpg,Something_Rotten!.jpg
Song & Dance,http://www.allmusicals.com/s/songdance.htm,Song & Dance.jpg,fixed-width,Song_&_Dance.jpg,Song_&_Dance.jpg
Songs For A New World,http://www.allmusicals.com/s/songsforanewworld.htm,Songs For A New World.jpg,fixed-width,Songs_For_A_New_World.jpg,Songs_For_A_New_World.jpg
Sound of Music,http://www.allmusicals.com/s/soundofmusicthe.htm,Sound of Music.jpg,fixed-width,Sound_of_Music.jpg,Sound_of_Music.jpg
South Pacific,http://www.allmusicals.com/s/southpacific.htm,South Pacific.jpg,fixed-width,South_Pacific.jpg,South_Pacific.jpg
Spamalot,http://www.allmusicals.com/s/spamalot.htm,Spamalot.jpg,fixed-width,Spamalot.jpg,Spamalot.jpg
Special Victims Unit,http://www.allmusicals.com/s/specialvictimsunit.htm,Special Victims Unit.jpg,fixed-width,Special_Victims_Unit.jpg,Special_Victims_Unit.jpg
"Spider-Man, Turn Off the Dark",http://www.allmusicals.com/s/spidermanturnoffthedark.htm,"Spider-Man, Turn Off the Dark.jpg",fixed-width,"Spider-Man,_Turn_Off_the_Dark.jpg","Spider-Man,_Turn_Off_the_Dark.jpg"
Spring Awakening,http://www.allmusicals.com/s/springawakening.htm,Spring Awakening.jpg,fixed-width,Spring_Awakening.jpg,Spring_Awakening.jpg
Star Is Born,http://www.allmusicals.com/s/starisborna.htm,"Star Is Born, A.jpg",fixed-width,"Star_Is_Born,_A.jpg","Star_Is_Born,_A.jpg"
Starlight Express,http://www.allmusicals.com/s/starlightexpress.htm,Starlight Express.jpg,fixed-width,Starlight_Express.jpg,Starlight_Express.jpg
State Fair,http://www.allmusicals.com/s/statefair.htm,State Fair.jpg,fixed-width,State_Fair.jpg,State_Fair.jpg
Steel Pier,http://www.allmusicals.com/s/steelpier.htm,Steel Pier.jpg,fixed-width,Steel_Pier.jpg,Steel_Pier.jpg
Story of My Life,http://www.allmusicals.com/s/storyofmylifethe.htm,Story of My Life.jpg,fixed-width,Story_of_My_Life.jpg,Story_of_My_Life.jpg
Subways Are for Sleeping,http://www.allmusicals.com/s/subwaysareforsleeping.htm,Subways Are for Sleeping.jpg,fixed-width,Subways_Are_for_Sleeping.jpg,Subways_Are_for_Sleeping.jpg
Sugar,http://www.allmusicals.com/s/sugar.htm,Sugar.jpg,fixed-width,Sugar.jpg,Sugar.jpg
Summer of '42,http://www.allmusicals.com/s/summerstock.htm,Summer of '42.jpg,fixed-width,Summer_of_'42.jpg,Summer_of_42.jpg
Summer Stock,http://www.allmusicals.com/s/summerof42.htm,Summer Stock.jpg,fixed-width,Summer_Stock.jpg,Summer_Stock.jpg
Sunday in the Park With George,http://www.allmusicals.com/s/sundayintheparkwithgeorge.htm,Sunday in the Park With George.jpg,fixed-width,Sunday_in_the_Park_With_George.jpg,Sunday_in_the_Park_With_George.jpg
Sunset Boulevard,http://www.allmusicals.com/s/sunsetboulevard.htm,Sunset Boulevard.jpg,fixed-width,Sunset_Boulevard.jpg,Sunset_Boulevard.jpg
Sweeney Todd_ The Demon Barber of Fleet Street,http://www.allmusicals.com/s/sweeneytoddthedemonbarberoffleetstreet.htm,Sweeney Todd The Demon Barber of Fleet Street.jpg,fixed-width,Sweeney_Todd__The_Demon_Barber_of_Fleet_Street.jpg,Sweeney_Todd__The_Demon_Barber_of_Fleet_Street.jpg
Sweet Charity,http://www.allmusicals.com/s/sweetcharity.htm,Sweet Charity.jpg,fixed-width,Sweet_Charity.jpg,Sweet_Charity.jpg
Swing!,http://www.allmusicals.com/s/swing.htm,Swing!.jpg,fixed-width,Swing!.jpg,Swing!.jpg
Taboo,http://www.allmusicals.com/t/taboo.htm,Taboo.jpg,fixed-width,Taboo.jpg,Taboo.jpg
Take Flight,http://www.allmusicals.com/t/takeflight.htm,Take Flight.jpg,fixed-width,Take_Flight.jpg,Take_Flight.jpg
Take Me Along,http://www.allmusicals.com/t/takemealong.htm,Take Me Along.jpg,fixed-width,Take_Me_Along.jpg,Take_Me_Along.jpg
Tale of Two Cities,http://www.allmusicals.com/t/taleoftwocitiesa.htm,"Tale of Two Cities, A.jpg",fixed-width,"Tale_of_Two_Cities,_A.jpg","Tale_of_Two_Cities,_A.jpg"
Tarzan,http://www.allmusicals.com/t/tarzan.htm,Tarzan.jpg,fixed-width,Tarzan.jpg,Tarzan.jpg
Tell Me On A Sunday,http://www.allmusicals.com/t/tellmeonasunday.htm,Tell Me On A Sunday.jpg,fixed-width,Tell_Me_On_A_Sunday.jpg,Tell_Me_On_A_Sunday.jpg
That's What Kids Do,http://www.allmusicals.com/t/thatswhatkidsdo.htm,That's What Kids Do.jpg,fixed-width,That's_What_Kids_Do.jpg,Thats_What_Kids_Do.jpg
The Thing About Men,http://www.allmusicals.com/t/thethingaboutmen.htm,The Thing About Men.jpg,fixed-width,The_Thing_About_Men.jpg,The_Thing_About_Men.jpg
They're Playing Our Song,http://www.allmusicals.com/t/theyreplayingoursong.htm,They're Playing Our Song.jpg,fixed-width,They're_Playing_Our_Song.jpg,Theyre_Playing_Our_Song.jpg
Thoroughly Modern Millie,http://www.allmusicals.com/t/thoroughlymodernmillie.htm,Thoroughly Modern Millie.jpg,fixed-width,Thoroughly_Modern_Millie.jpg,Thoroughly_Modern_Millie.jpg
"Tick, Tick... Boom",http://www.allmusicals.com/t/ticktickboom.htm,"Tick, Tick... Boom.jpg",fixed-width,"Tick,_Tick..._Boom.jpg","Tick,_Tick..._Boom.jpg"
Titanic,http://www.allmusicals.com/t/titanic.htm,Titanic.jpg,fixed-width,Titanic.jpg,Titanic.jpg
Title Of Show,http://www.allmusicals.com/t/titleofshow.htm,Title Of Show.jpg,fixed-width,Title_Of_Show.jpg,Title_Of_Show.jpg
Toxic Avenger,http://www.allmusicals.com/t/toxicavengerthe.htm,Toxic Avenger.jpg,fixed-width,Toxic_Avenger.jpg,Toxic_Avenger.jpg
Triumph Of Love,http://www.allmusicals.com/t/triumphoflove.htm,Triumph Of Love.jpg,fixed-width,Triumph_Of_Love.jpg,Triumph_Of_Love.jpg
Two Gentlemen of Verona,http://www.allmusicals.com/t/twogentlemenofverona.htm,Two Gentlemen of Verona.jpg,fixed-width,Two_Gentlemen_of_Verona.jpg,Two_Gentlemen_of_Verona.jpg
Unsinkable Molly Brown,http://www.allmusicals.com/u/unsinkablemollybrownthe.htm,Unsinkable Molly Brown.jpg,fixed-width,Unsinkable_Molly_Brown.jpg,Unsinkable_Molly_Brown.jpg
Urinetown,http://www.allmusicals.com/u/urinetown.htm,Urinetown.jpg,fixed-width,Urinetown.jpg,Urinetown.jpg
Vanities,http://www.allmusicals.com/v/vanities.htm,Vanities.jpg,fixed-width,Vanities.jpg,Vanities.jpg
Very Good Eddie,http://www.allmusicals.com/v/verygoodeddie.htm,Very Good Eddie.jpg,fixed-width,Very_Good_Eddie.jpg,Very_Good_Eddie.jpg
Very Potter Sequel,http://www.allmusicals.com/v/verypottersequela.htm,"Very Potter Sequel, A.jpg",fixed-width,"Very_Potter,_A.jpg","Very_Potter,_A.jpg"
Very Potter,http://www.allmusicals.com/v/verypottera.htm,"Very Potter, A.jpg",fixed-width,"Very_Potter_Sequel,_A.jpg","Very_Potter_Sequel,_A.jpg"
Victor   Victoria,http://www.allmusicals.com/v/victorvictoria.htm,Victor Victoria.jpg,fixed-width,Victor___Victoria.jpg,Victor___Victoria.jpg
Waitress,http://www.allmusicals.com/w/waitress.htm,Waitress.jpg,fixed-width,Waitress.jpg,Waitress.jpg
Walmartopia,http://www.allmusicals.com/w/walmartopia.htm,Walmartopia.jpg,fixed-width,Walmartopia.jpg,Walmartopia.jpg
Water Babies,http://www.allmusicals.com/w/waterbabies.htm,Water Babies.jpg,fixed-width,Water_Babies.jpg,Water_Babies.jpg
We Will Rock You,http://www.allmusicals.com/w/wewillrockyou.htm,We Will Rock You.jpg,fixed-width,We_Will_Rock_You.jpg,We_Will_Rock_You.jpg
Wedding Singer,http://www.allmusicals.com/w/weddingsinger.htm,Wedding Singer.jpg,fixed-width,Wedding_Singer.jpg,Wedding_Singer.jpg
West Side Story,http://www.allmusicals.com/w/westsidestory.htm,West Side Story.jpg,fixed-width,West_Side_Story.jpg,West_Side_Story.jpg
White Christmas,http://www.allmusicals.com/w/whitechristmas.htm,White Christmas.jpg,fixed-width,White_Christmas.jpg,White_Christmas.jpg
Who's Tommy,http://www.allmusicals.com/w/whostommythe.htm,Who's Tommy.jpg,fixed-width,Who's_Tommy.jpg,Whos_Tommy.jpg
Wicked,http://www.allmusicals.com/w/wicked.htm,Wicked.jpg,fixed-width,Wicked.jpg,Wicked.jpg
Wild Party,http://www.allmusicals.com/w/wildparty.htm,Wild Party.jpg,fixed-width,Wild_Party.jpg,Wild_Party.jpg
Wildcat,http://www.allmusicals.com/w/wildcat.htm,Wildcat.jpg,fixed-width,Wildcat.jpg,Wildcat.jpg
Will Rogers Follies,http://www.allmusicals.com/w/willrogersfolliesthe.htm,Will Rogers Follies.jpg,fixed-width,Will_Rogers_Follies.jpg,Will_Rogers_Follies.jpg
Wiz,http://www.allmusicals.com/w/wizthe.htm,Wiz.jpg,fixed-width,Wiz.jpg,Wiz.jpg
Wizard Of Oz,http://www.allmusicals.com/w/wizardofozthe.htm,Wizard Of Oz.jpg,fixed-width,Wizard_Of_Oz.jpg,Wizard_Of_Oz.jpg
Woman In White,http://www.allmusicals.com/w/womaninwhite.htm,Woman In White.jpg,fixed-width,Woman_In_White.jpg,Woman_In_White.jpg
Women on the Verge of a Nervous Breakdown,http://www.allmusicals.com/w/womenonthevergeofanervousbreakdown.htm,Women on the Verge of a Nervous Breakdown.jpg,fixed-width,Women_on_the_Verge_of_a_Nervous_Breakdown.jpg,Women_on_the_Verge_of_a_Nervous_Breakdown.jpg
Wonderful Town,http://www.allmusicals.com/w/wonderfultown.htm,Wonderful Town.jpg,fixed-width,Wonderful_Town.jpg,Wonderful_Town.jpg
Wonderland_ Alice's New Musical Adventure,http://www.allmusicals.com/w/wonderlandalicesnewmusicaladventure.htm,Wonderland Alice's New Musical Adventure.jpg,fixed-width,Wonderland__Alice's_New_Musical_Adventure.jpg,Wonderland__Alices_New_Musical_Adventure.jpg
Working,http://www.allmusicals.com/w/working.htm,Working.jpg,fixed-width,Working.jpg,Working.jpg
Xanadu,http://www.allmusicals.com/x/xanadu.htm,Xanadu.jpg,fixed-width,Xanadu.jpg,Xanadu.jpg
Yank!,http://www.allmusicals.com/y/yank.htm,Yank!.jpg,fixed-width,Yank!.jpg,Yank!.jpg
Year with Frog and Toad,http://www.allmusicals.com/y/yearwithfrogandtoada.htm,"Year with Frog and Toad, A.jpg",fixed-width,"Year_with_Frog_and_Toad,_A.jpg","Year_with_Frog_and_Toad,_A.jpg"
"You're a Good Man, Charlie Brown",http://www.allmusicals.com/y/youreagoodmancharliebrown.htm,"You're a Good Man, Charlie Brown.jpg",fixed-width,"You're_a_Good_Man,_Charlie_Brown.jpg",Young_Frankenstein.jpg
Young Frankenstein,http://www.allmusicals.com/y/youngfrankenstein.htm,Young Frankenstein.jpg,fixed-width,Young_Frankenstein.jpg,"Youre_a_Good_Man,_Charlie_Brown.jpg"
"Z, the Masked Musical of Zorro",http://www.allmusicals.com/z/zthemaskedmusicalofzorro.htm,"Z, the Masked Musical of Zorro.jpg",fixed-width,"Z,_the_Masked_Musical_of_Zorro.jpg","Z,_the_Masked_Musical_of_Zorro.jpg"
"Zanna, Don't",http://www.allmusicals.com/z/zannadont.htm,"Zanna, Don't.jpg",fixed-width,"Zanna,_Don't.jpg","Zanna,_Dont.jpg"
Zombie Prom,http://www.allmusicals.com/z/zombieprom.htm,Zombie Prom.jpg,fixed-width,Zombie_Prom.jpg,Zombie_Prom.jpg
Zorro,http://www.allmusicals.com/z/zorro.htm,Zorro.jpg,fixed-width,Zorro.jpg,Zorro.jpg
